<?xml version="1.0"?>
<map proto="1.4.0">
<name>Miner Sixty Niner</name>
<version>1.1.0</version>
<objective>Kill enemies for gold nuggets, drop into the chute with them for points!</objective>
<game>Scorebox</game>
<gamemode>tdm</gamemode>
<gamemode>scorebox</gamemode>
<authors>
    <author uuid="6863869b-4b8c-4445-b778-a8e016775ae4"/>
    <!-- dragonstomper64 -->
    <author uuid="bf331953-4f92-43ee-8abc-7544b8234936" contribution="Map building, theming, misc"/>
    <!-- Vicei in Minecraft, aka Vice -->
</authors>
<contributors>
    <contributor uuid="5c79d2c9-a4f0-4343-a84b-e1720f13009b" contribution="XML, feedback"/>
    <!-- CoWinkKeyDinkInc -->
</contributors>
<teams>
    <team id="red" color="red" max="15">Red</team>
    <team id="blue" color="blue" max="15">Blue</team>
</teams>
<kits>
    <kit id="spawn" force="true">
        <item slot="0" unbreakable="true">stone sword</item>
        <item slot="1" unbreakable="true">bow</item>
        <item slot="2" amount="2">golden apple</item>
        <item slot="8" amount="20">arrow</item>
        <leggings material="chainmail leggings" unbreakable="true">
            <enchantment level="1">projectile_protection</enchantment>
        </leggings>
        <!-- this enchantment doesn't work the same way as leggings does for some reason -->
        <boots enchantment="protection fall:1" unbreakable="true">iron boots</boots>
        <potion duration="2" amplifier="1">instant_health</potion>
        <saturation>20</saturation>
        <foodlevel>20</foodlevel>
        <clear/>
    </kit>
    <kit id="red-kit" parents="spawn">
        <helmet material="leather helmet" color="FF0000" unbreakable="true"/>
        <chestplate material="leather chestplate" color="FF0000" unbreakable="true"/>
    </kit>
    <kit id="blue-kit" parents="spawn">
        <helmet material="leather helmet" color="0000FF" unbreakable="true"/>
        <chestplate material="leather chestplate" color="0000FF" unbreakable="true"/>
    </kit>
</kits>
<spawns>
    <spawn team="red" kit="red-kit" yaw="90">
        <regions>
            <region id="red-spawn"/>
        </regions>
    </spawn>
    <spawn team="blue" kit="blue-kit" yaw="90">
        <regions>
            <region id="blue-spawn"/>
        </regions>
    </spawn>
    <default yaw="90">
        <regions>
            <point>-168.5,75,-10.5</point>
        </regions>
    </default>
</spawns>
<rules>
    <rule>The platform that lets you jump into the scorebox reappears every thirty seconds.</rule>
</rules>
<broadcasts>
    <alert after="1s" every="3m">Gold nuggets are awarded on kill, jump into the central scorebox with gold nuggets to win points!</alert>
    <tip after="2s">The platforms to jump into the scorebox reappears every 30 seconds.</tip>
    <tip after="30s" every="120s">The scorebox is open! Jumping into the scorebox with gold nuggets is the only way to score.</tip>
</broadcasts>
<time>12m</time>
<score>
    <kills>0</kills>
    <deaths>0</deaths>
    <box region="score-box">
        <redeemables>
            <item points="1">gold nugget</item>
        </redeemables>
    </box>
</score>
<portals>
    <portal filter="only-red" yaw="@90" region="score-box" destination="red-spawn"></portal>
    <portal filter="only-blue" yaw="@90" region="score-box" destination="blue-spawn"></portal>
</portals>
<!-- used as a "gate" mechanic -->
<destroyables show="false" required="false" mode-changes="true">
    <destroyable name="the-platform" owner="blue" materials="sandstone">
        <region><cuboid min="-132,66,-9" max="-129,69,-12"/></region>
    </destroyable>
    <destroyable name="west-west-north-platform" owner="blue" materials="sandstone">
        <region><cuboid min="-155,68,-15" max="-152,69,-12"/></region>
    </destroyable>
    <destroyable name="north-west-platform" owner="blue" materials="sandstone">
        <region><cuboid min="-149,68,-20" max="-146,69,-17"/></region>
    </destroyable>
    <destroyable name="north-platform" owner="blue" materials="sandstone">
        <region><cuboid min="-142,67,-20" max="-139,68,-17"/></region>
    </destroyable>
    <destroyable name="west-west-south-platform" owner="blue" materials="sandstone">
        <region><cuboid min="-152,68,-6" max="-155,69,-9"/></region>
    </destroyable>
    <destroyable name="south-west-platform" owner="blue" materials="sandstone">
        <region><cuboid min="-146,68,-1" max="-149,69,-4"/></region>
    </destroyable>
    <destroyable name="south-platform" owner="blue" materials="sandstone">
        <region><cuboid min="-139,67,-1" max="-142,68,-4"/></region>
    </destroyable>
    <!-- implement if selectable monuments for modes is added
    the material attribute in mode can only take one material as input, hence multiple monuments are added
    double_step = sandstone slabs
    <destroyable name="sandstone" owner="blue" materials="sandstone">
        <region id="sandstone"/>
    </destroyable>
    <destroyable name="sandstone-stairs" owner="blue" materials="sandstone_stairs">
        <region id="sandstone-stairs"/>
    </destroyable>
    <destroyable name="sandstone-slabs" owner="blue" materials="double_step">
        <region id="sandstone-slabs"/>
    </destroyable>
    <destroyable name="stained-glass" owner="blue" materials="stained_glass:0">
        <region id="stained-glass"/>
    </destroyable>
    <destroyable name="glowstone" owner="blue" materials="glowstone">
        <region id="glowstone"/>
    </destroyable>
    -->
</destroyables>
<modes>
    <!-- 12 minutes = 720 seconds -->
    <mode after="1s" material="air"/>
    <mode after="30s"  show-before="6" name="Scorebox platform opening" material="sandstone"/>
    <mode after="60s"  show-before="6" name="Scorebox platform closing" material="air"/>
    <mode after="90s"  show-before="6" name="Scorebox platform opening" material="sandstone"/>
    <mode after="120s" show-before="6" name="Scorebox platform closing" material="air"/>
    <mode after="150s" show-before="6" name="Scorebox platform opening" material="sandstone"/>
    <mode after="180s" show-before="6" name="Scorebox platform closing" material="air"/>
    <mode after="210s" show-before="6" name="Scorebox platform opening" material="sandstone"/>
    <mode after="240s" show-before="6" name="Scorebox platform closing" material="air"/>
    <mode after="270s" show-before="6" name="Scorebox platform opening" material="sandstone"/>
    <mode after="300s" show-before="6" name="Scorebox platform closing" material="air"/>
    <mode after="330s" show-before="6" name="Scorebox platform opening" material="sandstone"/>
    <mode after="360s" show-before="6" name="Scorebox platform closing" material="air"/>
    <mode after="390s" show-before="6" name="Scorebox platform opening" material="sandstone"/>
    <mode after="420s" show-before="6" name="Scorebox platform closing" material="air"/>
    <mode after="450s" show-before="6" name="Scorebox platform opening" material="sandstone"/>
    <mode after="480s" show-before="6" name="Scorebox platform closing" material="air"/>
    <mode after="510s" show-before="6" name="Scorebox platform opening" material="sandstone"/>
    <mode after="540s" show-before="6" name="Scorebox platform closing" material="air"/>
    <mode after="570s" show-before="6" name="Scorebox platform opening" material="sandstone"/>
    <mode after="600s" show-before="6" name="Scorebox platform closing" material="air"/>
    <mode after="630s" show-before="6" name="Scorebox platform opening" material="sandstone"/>
    <mode after="660s" show-before="6" name="Scorebox platform closing" material="air"/>
    <mode after="690s" show-before="6" name="Scorebox platform opening" material="sandstone"/>
    <mode after="720s" show-before="6" name="Scorebox platform closing" material="air"/>
</modes>
<kill-rewards>
    <kill-reward>
        <item amount="8">arrow</item>
        <item>golden apple</item>
        <item>gold nugget</item>
    </kill-reward>
</kill-rewards>
<spawners>
    <spawner spawn-region="gold-apple" player-region="gold-apple" delay="8s">
        <item amount="1" material="golden apple"/>
    </spawner>
    <spawner spawn-region="arrows" player-region="arrows" delay="5s">
        <item amount="4" material="arrow"/>
    </spawner>
    <spawner spawn-region="splash-potion-bottom" player-region="splash-potion-bottom" delay="8s">
        <!-- 16384 + 18 = 16402 -->
        <!-- splash potion + speed colour = splash potion with speed colour (blue) -->
        <item amount="1" material="potion" damage="16402">
            <effect duration="1m" amplifier="1">speed</effect>
        </item>
    </spawner>
    <spawner spawn-region="splash-potion-top" player-region="splash-potion-top" delay="8s">
        <item amount="1" material="potion" damage="16402">
            <effect duration="1m" amplifier="1">speed</effect>
        </item>
    </spawner>
</spawners>
<toolrepair>
    <tool>stone sword</tool>
    <tool>bow</tool>
</toolrepair>
<itemremove>
    <item>iron boots</item>
    <item>leather chestplate</item>
    <item>leather helmet</item>
    <item>chainmail leggings</item>
</itemremove>
<itemkeep>
    <!-- items are cleared from inventory, this prevents them from being dropped on death -->
    <item>arrow</item>
    <item>golden apple</item>
</itemkeep>
<hunger>
    <depletion>off</depletion>
</hunger>
<regions>
    <point id="red-spawn">-116.5,56,-54.5</point>
    <point id="blue-spawn">-116.5,56,33.5</point>
    <cuboid id="gold-apple" min="-156.5,56,-11.5" max="-154.5,56,-9.5"/>
    <cuboid id="arrows" min="-124.5,60,-9.5" max="-126.5,60,-11.5"/>
    <cuboid id="arrow-spawn" min="-124.5,62,-9.5" max="-126.5,62,-11.5"/>
    <cuboid id="splash-potion-bottom" min="-146.5,55,-11.5" max="-144.5,56,-9.5"/>
    <cuboid id="splash-potion-top" min="-164.5,68,-11.5" max="-162.5,69,-9.5"/>
    <cylinder id="score-box" base="-138.5,41,-10.5" radius="5" height="5"/>
    <union id="disable-fence">
        <cuboid min="-124,56,-57" max="-125,57,-54"/>
        <cuboid min="-125,56,36" max="-124,57,33"/>
        <cuboid min="-157,69,-6" max="-158,67,-15"/>
    </union>
    <apply block="never">
        <rectangle min="-oo,-oo" max="oo,oo"/>
    </apply>
    <apply use="never" region="disable-fence"/>
    <!-- implement if selectable modes for monuments is added
    <union id="sandstone">
        <point>-130,66,-10</point>
        <point>-132,66,-10</point>
        <point>-130,66,-12</point>
        <point>-132,66,-12</point>
    </union>
    <union id="sandstone-stairs">
        <point>-131,67,-10</point>
        <point>-130,67,-11</point>
        <point>-131,67,-12</point>
        <point>-132,67,-11</point>
        <point>-131,66,-10</point>
        <point>-132,66,-11</point>
        <point>-131,66,-12</point>
        <point>-130,66,-11</point>
    </union>
    <union id="sandstone-slabs">
        <point>-130,67,-10</point>
        <point>-130,67,-12</point>
        <point>-132,67,-12</point>
        <point>-132,67,-10</point>
    </union>
    <point id="stained-glass">-131,67,-11</point>
    <point id="glowstone">-131,66,-11</point>
    -->
</regions>
<filters>
    <any id="only-blue">
        <team>blue</team>
    </any>
    <any id="only-red">
        <team>red</team>
    </any>
</filters>
</map>
